Thumbnails,Title,Quantity,Category,SubCategory,SKU
https://lh3.googleusercontent.com/d/1r_Iqw4b8uhLkckAWSqZJQQX5BAyhEO_G,HAL 1 (Max),1,Simulators,Child,101
https://lh3.googleusercontent.com/d/1QQYqk2_9QgI4T4hypG4LgUZhzxH9GIsk,HAL 1 (Frank),1,Simulators,Child,101
https://lh3.googleusercontent.com/d/1Lni1T2zLqgKkb_7ouUtznDvaHwm3DFvW,HAL 5 (Lefty),1,Simulators,Child,102
https://lh3.googleusercontent.com/d/1qZEDKL3qUInoW8qOod1WhlJfMpzEp_i8,Premie HAL (Peter),1,Simulators,Infant,103
https://lh3.googleusercontent.com/d/1CkDG4P5wRlIHMJPJ0RKxOj1djhLeooXs,Sim Baby (Simone DS),1,Simulators,Infant,104
https://lh3.googleusercontent.com/d/1PU1f0t0BQ0gnZ4uaM8rPEwkEyv272qAP,Sim Baby (LS),1,Simulators,Infant,104
https://lh3.googleusercontent.com/d/1VhQO5Sqx6x97efPTnKcTJkwMcudybiQ5,Sim Baby (MS),1,Simulators,Infant,104
https://lh3.googleusercontent.com/d/1Nc0_jH-dRw_hHbS3yMKcLEggD31TdbVh,Sim Baby Classic (TDB),1,Simulators,Infant,105
https://lh3.googleusercontent.com/d/1iLyPOkvcPVuGLfEOfbnCgMBEdEeq7PfX,Sim Junior (Goldy),1,Simulators,Child,106
https://lh3.googleusercontent.com/d/1CxAet1qU_wqxwG3jgkd_yKpYPV9jhj5Q,Sim Junior (Jackie),1,Simulators,Child,106
https://lh3.googleusercontent.com/d/1scV-2p0cNbCph3pRCPrE_UEtXYRBSOX8,Sim Mom (Leslie),1,Simulators,Adult,108
https://lh3.googleusercontent.com/d/1Hjh5HTxH8vuyGQ_Dlwz3WgTp9YbWBYZy,Sim Mom (Theresa),1,Simulators,Adult,109
https://lh3.googleusercontent.com/d/12uGjdWibYnHaKWhU8EWbzk2xLqu_VaQo,Sim Newbie Classic (Greg),1,Simulators,Infant,110
https://lh3.googleusercontent.com/d/1SFERlFlUeKN5AbeAoUWAIhIX5SZcUVKA,Premature Anne,1,Simulators,Infant,111
https://lh3.googleusercontent.com/d/1D_2LSGm-F9gcR3II_lkeGpPhjrmY_4TC,Sim NewB LS,1,Simulators,Infant,112
https://lh3.googleusercontent.com/d/17nzeCX62ElNiyOR5-wV1XXAeR-2xLyWV,Sim NewB DS,1,Simulators,Infant,112
https://lh3.googleusercontent.com/d/11OJTaxD6Ofj8dDXLv2WOR6SfcGgIhnp8,Nursing Anne African Descent,1,Simulators,Adult,113
https://lh3.googleusercontent.com/d/1GIVvzhnELNZO4HUnlBNLRmpvKCjZE5Fc,IV Task Trainer 01,1,Task Trainers,Circulation,201
https://lh3.googleusercontent.com/d/1GIVvzhnELNZO4HUnlBNLRmpvKCjZE5Fc,IV Task Trainer 02,1,Task Trainers,Circulation,201
https://lh3.googleusercontent.com/d/1GIVvzhnELNZO4HUnlBNLRmpvKCjZE5Fc,IV Task Trainer 03,1,Task Trainers,Circulation,201
https://lh3.googleusercontent.com/d/1GIVvzhnELNZO4HUnlBNLRmpvKCjZE5Fc,IV Task Trainer 04,1,Task Trainers,Circulation,201
https://lh3.googleusercontent.com/d/1GIVvzhnELNZO4HUnlBNLRmpvKCjZE5Fc,IV Task Trainer 05,1,Task Trainers,Circulation,201
https://lh3.googleusercontent.com/d/1IPjAJ6fQOSjrPQpEWObYn1hmBuj_uYtv,Little Anne QCPR #01,1,Task Trainers,BLS,202
https://lh3.googleusercontent.com/d/1j7MkkS0tNxercxzeyLIS5EpWznP47ZfK,Intubation Head Infant #1,1,Task Trainers,Airway,204
https://lh3.googleusercontent.com/d/1qWc1GTqpTPtdSrFKFpDofrFLypRnYby8,Little Baby QCPR,1,Task Trainers,BLS,205
https://lh3.googleusercontent.com/d/1zdLdY0nqh71QkWg0tYMUojVs1dkcwtxd,Little Junior QCPR #01,1,Task Trainers,BLS,206
https://lh3.googleusercontent.com/d/13FcipOnARQfY2glOkE1iFgfWHP4tQdyN,IO Kit-03,1,Task Trainers,Circulation,206
https://lh3.googleusercontent.com/d/1c5vDmTrVrCk999NJSbxU4AVvIzfCbaXd,TraumaMan w/Surgical Abdomen,1,Task Trainers,Multiple,207
https://lh3.googleusercontent.com/d/1F1k-GpwqvSerTNDPqWjJjMQlzqeDwuwN,Ultrasound IV Task Trainer 01,1,Task Trainers,Circulation,208
https://lh3.googleusercontent.com/d/1F1k-GpwqvSerTNDPqWjJjMQlzqeDwuwN,Ultrasound IV Task Trainer 02,1,Task Trainers,Circulation,208
https://lh3.googleusercontent.com/d/19SHu57dBrb1gjqrjUaghfes0KS596O-D,Cricothyrotomy Trainer,1,Task Trainers,Airway,209
https://lh3.googleusercontent.com/d/1lhrTRsDLr3_UUPNyN7VHh6bC4OCHvLkc,Mama Birthie #1,1,Task Trainers,Wearable,210
https://lh3.googleusercontent.com/d/1YYPrd8aWBPstHtIlwZ5cYrUcMJABhtfz,Mama Natalie #1,2,Task Trainers,Wearable,211
https://lh3.googleusercontent.com/d/1Lw0GzVr1lVdwhiE2t4tFFLNwSdYSMUfB,Chester Chest,1,Task Trainers,Circulation,212
https://lh3.googleusercontent.com/d/10p9lJ3n6vyWO4FHpit0-Nc7o7oh9en6P,Chest Drain Insertion Simulator,1,Task Trainers,Breathing,213
https://lh3.googleusercontent.com/d/1XTlIrnqu9fJ-xxme9POYUPVKinIzAD3K,Vascular Access Child,1,Task Trainers,Circulation,214
https://lh3.googleusercontent.com/d/1nJZDJAMlTwb7OhMfsQlwYzFGhtYIG876,Femoral Line Man,1,Task Trainers,Circulation,215
https://lh3.googleusercontent.com/d/10KT2G7UWC_tUpodZf_qZ77teMTmccPIG,Pediatric Intubation Trainer Torso #1,1,Task Trainers,Airway,216
https://lh3.googleusercontent.com/d/10KT2G7UWC_tUpodZf_qZ77teMTmccPIG,Pediatric Intubation Trainer Torso #2,1,Task Trainers,Airway,216
https://lh3.googleusercontent.com/d/10KT2G7UWC_tUpodZf_qZ77teMTmccPIG,Pediatric Intubation Trainer Torso #3,1,Task Trainers,Airway,216
https://lh3.googleusercontent.com/d/10KT2G7UWC_tUpodZf_qZ77teMTmccPIG,Pediatric Intubation Trainer Torso #4,1,Task Trainers,Airway,216
https://lh3.googleusercontent.com/d/190VOxpIyBfPO2nkJC847LZlMsSpog2XV,Baby Anne,11,Task Trainers,Manikins,217
https://lh3.googleusercontent.com/d/1-MTxI2ZFPpunL0f1dQLEdI4k9uWsbUMG,Resusci Junior Basic #1,1,Task Trainers,Manikins,218
https://lh3.googleusercontent.com/d/1-MTxI2ZFPpunL0f1dQLEdI4k9uWsbUMG,Resusci Junior Basic #2,1,Task Trainers,Manikins,218
https://lh3.googleusercontent.com/d/1-sY64G6NHB6v1_CeK0VLPvDE03Z6gK9A,Jaw Thrust Kyle CPR,3,Task Trainers,Manikins,219
https://lh3.googleusercontent.com/d/1dUEFt1jGLCteTugL-YmMcd9TiYWgFURo,Kim Newborn CPR,4,Task Trainers,Manikins,220
https://lh3.googleusercontent.com/d/1vTOoerSW5JAttcZP3R0eIJf3txr77A4f,Resusci Baby First Aid,1,Task Trainers,Manikins,221
https://lh3.googleusercontent.com/d/1fczj-Vpd49CvNeRbz7oVpbSOjNSk5tZ9,Baby Umbi #1,1,Task Trainers,Manikins,222
https://lh3.googleusercontent.com/d/11qnwzgiRK_MHFwWG5_JSDo8VK3i0ThHH,SkillGuide #1,1,Task Trainers,BLS,223
https://lh3.googleusercontent.com/d/1dYQV1oG-pCLuX-VPEi1TW2x7jLXp8VtW,Resusci Anne First Aid Full Body #1,1,Task Trainers,Manikins,224
https://lh3.googleusercontent.com/d/1K07GM1NT4A46yMxrU5dldM0UfS_JmRHG,Lumbar Puncture Baby #1,1,Task Trainers,Circulation,225
https://lh3.googleusercontent.com/d/1Eu3aNVsVtIMCNKQT7HdFZXbelR_pi55B,Intraosseous Access Knee Injection #1,1,Task Trainers,Circulation,226
https://lh3.googleusercontent.com/d/17Ak4GRToAB4TNOCjvjigqnOGKn2HqJSr,Left IO Leg Infant #1,1,Task Trainers,Circulation,227
https://lh3.googleusercontent.com/d/1jwfWDO3c-wAPH_AqDjGZ7HETwp1daP4S,Pediatric Intraosseous Leg #1,1,Task Trainers,Circulation,228
https://lh3.googleusercontent.com/d/1sqQEs81UUgdv2aqrhWhrptd1UqiMKZEd,TruBaby X #1,1,Task Trainers,Manikins,229
https://lh3.googleusercontent.com/d/1YuSA_tAzT_nHmsLgIh-WyBli3u54NLVN,Airsim Advanced Bronchi X Adult #1,1,Task Trainers,Airway,230
https://lh3.googleusercontent.com/d/1rhfMcKk51OCrA0wqNLPH3LbZd0vC1wHK,AirSim Bronchi Adult #1,1,Task Trainers,Airway,231
https://lh3.googleusercontent.com/d/1PcWIa4RIzO3lk-9is3JuadmJMT_Fr9OM,Suture Pad #1,1,Task Trainers,DIY,234
https://lh3.googleusercontent.com/d/1zd1zU8yHCmSSIjjIxiYWWux7F-U32eBb,Pediatric Lumbar Puncture Simulator II #1,1,Task Trainers,Circulation,235
https://lh3.googleusercontent.com/d/1zd1zU8yHCmSSIjjIxiYWWux7F-U32eBb,Pediatric Lumbar Puncture Simulator II #2,1,Task Trainers,Circulation,235
https://lh3.googleusercontent.com/d/1CWzXpziPxYzskzcrjmI3M3H462JajUN4,Advanced Venipuncture Arm 1 (Light Skin Tone),1,Task Trainers,Circulation,236
https://lh3.googleusercontent.com/d/1CWzXpziPxYzskzcrjmI3M3H462JajUN4,Advanced Venipuncture Arm 2 (Light Skin Tone),1,Task Trainers,Circulation,236
https://lh3.googleusercontent.com/d/1CWzXpziPxYzskzcrjmI3M3H462JajUN4,Advanced Venipuncture Arm 5 (Light Skin Tone),1,Task Trainers,Circulation,236
https://lh3.googleusercontent.com/d/1CWzXpziPxYzskzcrjmI3M3H462JajUN4,Advanced Venipuncture Arm 8 (Light Skin Tone) Mat/Newborn,1,Task Trainers,Circulation,236
https://lh3.googleusercontent.com/d/1iu98ZVE-lBlCyBRGhebSlQ0Fwwtb-tDR,Advanced Venipuncture Arm 3 (Dark Skin Tone),1,Task Trainers,Circulation,236
https://lh3.googleusercontent.com/d/1iu98ZVE-lBlCyBRGhebSlQ0Fwwtb-tDR,Advanced Venipuncture Arm 4 (Dark Skin Tone),1,Task Trainers,Circulation,236
https://lh3.googleusercontent.com/d/1iu98ZVE-lBlCyBRGhebSlQ0Fwwtb-tDR,Advanced Venipuncture Arm 6 (Dark Skin Tone),1,Task Trainers,Circulation,236
https://lh3.googleusercontent.com/d/1iu98ZVE-lBlCyBRGhebSlQ0Fwwtb-tDR,Advanced Venipuncture Arm 7 (Dark Skin Tone) Mat/Newborn,1,Task Trainers,Circulation,236
https://lh3.googleusercontent.com/d/101ti9aZDjOD23nRpnVXtSnjbOE3rAf0-,ART LINE Life/Form Pediatric Arm Light,1,Task Trainers,Circulation,237
https://lh3.googleusercontent.com/d/11Ad9gZ0wOAhrU0vA1dgtutuaVj6FLnmR,IV Bag and Drain Setup #1,1,Task Trainers,Circulation,238
https://lh3.googleusercontent.com/d/11Ad9gZ0wOAhrU0vA1dgtutuaVj6FLnmR,IV Bag and Drain Setup #2,1,Task Trainers,Circulation,238
https://lh3.googleusercontent.com/d/11Ad9gZ0wOAhrU0vA1dgtutuaVj6FLnmR,IV Bag and Drain Setup #3,1,Task Trainers,Circulation,238
https://lh3.googleusercontent.com/d/11Ad9gZ0wOAhrU0vA1dgtutuaVj6FLnmR,IV Bag and Drain Setup #4,1,Task Trainers,Circulation,238
https://lh3.googleusercontent.com/d/11Ad9gZ0wOAhrU0vA1dgtutuaVj6FLnmR,IV Bag and Drain Setup #5,1,Task Trainers,Circulation,238
https://lh3.googleusercontent.com/d/11Ad9gZ0wOAhrU0vA1dgtutuaVj6FLnmR,IV Bag and Drain Setup #6,1,Task Trainers,Circulation,238
https://lh3.googleusercontent.com/d/11Ad9gZ0wOAhrU0vA1dgtutuaVj6FLnmR,IV Bag and Drain Setup #7,1,Task Trainers,Circulation,238
https://lh3.googleusercontent.com/d/11Ad9gZ0wOAhrU0vA1dgtutuaVj6FLnmR,IV Bag and Drain Setup #8,1,Task Trainers,Circulation,238
https://lh3.googleusercontent.com/d/11Ad9gZ0wOAhrU0vA1dgtutuaVj6FLnmR,IV Bag and Drain Setup #9,1,Task Trainers,Circulation,238
https://lh3.googleusercontent.com/d/11Ad9gZ0wOAhrU0vA1dgtutuaVj6FLnmR,IV Bag and Drain Setup #10,1,Task Trainers,Circulation,238
https://lh3.googleusercontent.com/d/11Ad9gZ0wOAhrU0vA1dgtutuaVj6FLnmR,IV Bag and Drain Setup #11,1,Task Trainers,Circulation,238
https://lh3.googleusercontent.com/d/1cuJnYLn1vNQ6ZFkl-Ml0nS0sldag85hw,Clean Bleed Mat #1,1,Task Trainers,Circulation,239
https://lh3.googleusercontent.com/d/1cuJnYLn1vNQ6ZFkl-Ml0nS0sldag85hw,Clean Bleed Mat #2,1,Task Trainers,Circulation,239
https://lh3.googleusercontent.com/d/1pEOH-GKX9pInP3AzkxP-rJtbRiphR7qt,PICC Line Trainer,1,Task Trainers,Circulation,240
https://lh3.googleusercontent.com/d/1j7MkkS0tNxercxzeyLIS5EpWznP47ZfK,Intubation Head Infant AirSim Pierre Robin X #1,1,Task Trainers,Airway,241
https://lh3.googleusercontent.com/d/1PuUT1V6gzDn7EwVD1zWX9eFgoPrKQi55,Nursing Kid #1,1,Task Trainers,Manikins,242
https://lh3.googleusercontent.com/d/1-MTxI2ZFPpunL0f1dQLEdI4k9uWsbUMG,Mega Code Kid #1,1,Task Trainers,Manikins,243
https://lh3.googleusercontent.com/d/1K0aXhGvM80qjf800tHb4YcwGs0jQQqw4,BLS Shelf Cart Extras,1,Task Trainers,BLS,301
https://lh3.googleusercontent.com/d/1D-BPGvrLB3YnOPz_Rml_6v-oo-DxMOXj,BLS Stretcher 01,1,Task Trainers,BLS,302
https://lh3.googleusercontent.com/d/1D-BPGvrLB3YnOPz_Rml_6v-oo-DxMOXj,BLS Stretcher 02,1,Task Trainers,BLS,302
https://lh3.googleusercontent.com/d/1D-BPGvrLB3YnOPz_Rml_6v-oo-DxMOXj,BLS Stretcher 03,1,Task Trainers,BLS,302
https://lh3.googleusercontent.com/d/1ZYw4j3oghsMCPTjhrPEB1iOfhHixghMg,CPRC-01,1,Task Trainers,Carts,304
https://lh3.googleusercontent.com/d/1ZYw4j3oghsMCPTjhrPEB1iOfhHixghMg,CPRC-02,1,Task Trainers,Carts,304
https://lh3.googleusercontent.com/d/1ZYw4j3oghsMCPTjhrPEB1iOfhHixghMg,CPRC-03,1,Task Trainers,Carts,304
https://lh3.googleusercontent.com/d/1ZYw4j3oghsMCPTjhrPEB1iOfhHixghMg,CPRC-04,1,Task Trainers,Carts,304
https://lh3.googleusercontent.com/d/1ZYw4j3oghsMCPTjhrPEB1iOfhHixghMg,CPRC-05,,Task Trainers,Carts,304
https://lh3.googleusercontent.com/d/1kqmEur3WdkKcys8kACvulQSbK2d09eeT,FFMC-01,1,Task Trainers,Carts,305
https://lh3.googleusercontent.com/d/1kqmEur3WdkKcys8kACvulQSbK2d09eeT,FFMC-02,1,Task Trainers,Carts,305
https://lh3.googleusercontent.com/d/13FcipOnARQfY2glOkE1iFgfWHP4tQdyN,IO Kit-01,1,Task Trainers,Circulation,306
https://lh3.googleusercontent.com/d/13FcipOnARQfY2glOkE1iFgfWHP4tQdyN,IO Kit-02,1,Task Trainers,Circulation,306
https://lh3.googleusercontent.com/d/1jRBmKZy04uRBzIaM3ljExCW1dwYe6PZP,Lego Game #1,1,Communication,Game,307
https://lh3.googleusercontent.com/d/10CcOHQsmcjtnG5c3YDAyuMnDIXupZGYP,Defib Cart #1,2,Medical Devices,Carts,401
https://lh3.googleusercontent.com/d/10CcOHQsmcjtnG5c3YDAyuMnDIXupZGYP,Defib Cart 2,1,Medical Devices,Carts,401
https://lh3.googleusercontent.com/d/1HJ5C6tFaWZ4V_xX4BXZ3pZNJ9UFqCP1n,WOW 1,1,Medical Devices,Electronics,402
https://lh3.googleusercontent.com/d/1HJ5C6tFaWZ4V_xX4BXZ3pZNJ9UFqCP1n,WOW #2,1,Medical Devices,Electronics,402
https://lh3.googleusercontent.com/d/1HJ5C6tFaWZ4V_xX4BXZ3pZNJ9UFqCP1n,WOW #3,1,Medical Devices,Electronics,402
https://lh3.googleusercontent.com/d/1HJ5C6tFaWZ4V_xX4BXZ3pZNJ9UFqCP1n,WOW #4,1,Medical Devices,Electronics,402
https://lh3.googleusercontent.com/d/1uE3KT6KX6LbVhnkxdztx2DrTMfkotpCz,Zoll Defibrillator #1,1,Medical Devices,Circulation,403
https://lh3.googleusercontent.com/d/1uE3KT6KX6LbVhnkxdztx2DrTMfkotpCz,Zoll Defibrillator #2,,Medical Devices,Circulation,403
https://lh3.googleusercontent.com/d/1uE3KT6KX6LbVhnkxdztx2DrTMfkotpCz,Zoll Defibrillator #3,,Medical Devices,Circulation,403
https://lh3.googleusercontent.com/d/1uE3KT6KX6LbVhnkxdztx2DrTMfkotpCz,Zoll Defibrillator #4,,Medical Devices,Circulation,403
https://lh3.googleusercontent.com/d/1uE3KT6KX6LbVhnkxdztx2DrTMfkotpCz,Zoll Defibrillator #5,,Medical Devices,Circulation,403
https://lh3.googleusercontent.com/d/18wl6hriwUSuccXErRx9rq2ksqMjIEJLd,Ambu® SPUR® II – Disposable Resuscitator #1,1,Medical Devices,Breathing,405
https://lh3.googleusercontent.com/d/18wl6hriwUSuccXErRx9rq2ksqMjIEJLd,Ambu® SPUR® II – Disposable Resuscitator #2,1,Medical Devices,Breathing,405
https://lh3.googleusercontent.com/d/18wl6hriwUSuccXErRx9rq2ksqMjIEJLd,Ambu® SPUR® II – Disposable Resuscitator #3,1,Medical Devices,Breathing,405
https://lh3.googleusercontent.com/d/18wl6hriwUSuccXErRx9rq2ksqMjIEJLd,Ambu® SPUR® II – Disposable Resuscitator #4,1,Medical Devices,Breathing,405
https://lh3.googleusercontent.com/d/1J-gcxkWS5TARcoFGqE9MaZ8D9ZKB_XoC,ZOLL Adult A/A Pads - Real Demo - For Training Purposes Only #1,1,Medical Devices,Circulation,406
https://lh3.googleusercontent.com/d/1LttHcklUoUoeeIA6TAIiksG4paF_GlaP,ZOLL Pediatric A/A Pads - Real Demo - For Training Purposes Only #1,1,Medical Devices,Circulation,407
https://lh3.googleusercontent.com/d/16tTAkCu2AlO2-ouXl9eZfdFNQBgbvOso,ShockLink System #1,1,Simulated Equipment,App,408
https://lh3.googleusercontent.com/d/16tTAkCu2AlO2-ouXl9eZfdFNQBgbvOso,ShockLink System #2,1,Simulated Equipment,App,408
https://lh3.googleusercontent.com/d/16tTAkCu2AlO2-ouXl9eZfdFNQBgbvOso,ShockLink System #3,1,Simulated Equipment,App,408
https://lh3.googleusercontent.com/d/16tTAkCu2AlO2-ouXl9eZfdFNQBgbvOso,ShockLink System #4,1,Simulated Equipment,App,408
https://lh3.googleusercontent.com/d/16tTAkCu2AlO2-ouXl9eZfdFNQBgbvOso,ShockLink System #5,1,Simulated Equipment,App,408
https://lh3.googleusercontent.com/d/16tTAkCu2AlO2-ouXl9eZfdFNQBgbvOso,ShockLink System #6,1,Simulated Equipment,App,408
https://lh3.googleusercontent.com/d/16tTAkCu2AlO2-ouXl9eZfdFNQBgbvOso,ShockLink System #7,1,Simulated Equipment,App,408
https://lh3.googleusercontent.com/d/16tTAkCu2AlO2-ouXl9eZfdFNQBgbvOso,ShockLink System #8,1,Simulated Equipment,App,408
https://lh3.googleusercontent.com/d/1EhHme1VhbgXK2SNT6eBEalTTXGWoRUWz,Mock Thermometer #1,1,Simulated Equipment,Prop,409
https://lh3.googleusercontent.com/d/1EhHme1VhbgXK2SNT6eBEalTTXGWoRUWz,Mock Thermometer #2,1,Simulated Equipment,Prop,409
https://lh3.googleusercontent.com/d/15Y94Vj0wuTDfiCgo9VuCNzxi-Ngi-UGL,C Spine Hard Collar #1,1,Medical Devices,Prop,410
https://lh3.googleusercontent.com/d/1Reosewo6GyxZy9WVPhxY1XbN9hA07Xdd,Rhythm Generator 12-Lead ECG Simulator #1,1,Simulated Equipment,App,411
https://lh3.googleusercontent.com/d/1Reosewo6GyxZy9WVPhxY1XbN9hA07Xdd,Rhythm Generator 12-Lead ECG Simulator #2,1,Simulated Equipment,App,411
https://lh3.googleusercontent.com/d/1Ic3II0Ws4fHppzGeeI4_C-V0VDU2jtik,Mock Blood and Plasma Products,1,Simulated Equipment,Prop,412
https://lh3.googleusercontent.com/d/1icE6AGxNoBsxJ-sNWTE5ZcWkq8zC16Xu,Verathon GlideScope Monitor with Baton #1,1,Medical Devices,Circulation,413
https://lh3.googleusercontent.com/d/1WqOLOb_kcO6pQbgSFD3A5sTAqjKMAt73,Manikin Attire (specify in note),1,Simulated Equipment,Prop,414
https://lh3.googleusercontent.com/d/1bueXwknZzirka7WdfRenyVOkWQgK2ghw,BD Bard Site Rite 6 #1,1,Medical Devices,Circulation,415
https://lh3.googleusercontent.com/d/1OwMFkoPFDh4Z5WiQW78NqSmJOhz5Xst2,IV Pole #1,6,Medical Devices,Circulation,416
https://lh3.googleusercontent.com/d/1r1uzTYkctzsGZM_pTke5zbAfMytOMz2J,Arrow EZ-IO Intraosseous Vascular Access System #1,6,Medical Devices,Circulation,417
https://lh3.googleusercontent.com/d/1DqRlYQFBdxITy-XHyIUV3eIxvfqEGMoY,Surgical Step Stools - Stackable and Interlock #1,22,Medical Devices,BLS,418
https://lh3.googleusercontent.com/d/1991n-gwh3IS5eJjgvplv8Hc1Ix8jGBpy,Hospital Stretcher Pedigo 540 #1,1,Medical Devices,Carts,419
https://lh3.googleusercontent.com/d/1991n-gwh3IS5eJjgvplv8Hc1Ix8jGBpy,Hospital Stretcher Pedigo 540 #2,1,Medical Devices,Carts,419
https://lh3.googleusercontent.com/d/1991n-gwh3IS5eJjgvplv8Hc1Ix8jGBpy,Hospital Stretcher Pedigo 540 #3,1,Medical Devices,Carts,419
https://lh3.googleusercontent.com/d/1CIMi9QaJ2yI3fFhA_CDET3cHnUqz3kX4,Pediatric Crib #1,1,Medical Devices,Carts,420
https://lh3.googleusercontent.com/d/1LHJAc72m4jHw3Dn9wYpPZjxXtiEQwkgW,Blood Clots 5 Pack,4,Simulated Equipment,Prop,421
https://lh3.googleusercontent.com/d/1KN3PS2SuhqtaaScshx6LcHd4PTqg_yUl,Scrubs XS,1,Medical Devices,Prop,422
https://lh3.googleusercontent.com/d/1Oc3hWA-KZQ5KQo5_EKcoRdWHNK5YpEy5,Reflex Hammer #1,1,Medical Devices,Diagnostic,424
https://lh3.googleusercontent.com/d/1AkFkFGr2UgTaRclq1VRdx-uHsnuDilTP,Pediatric Lumbar Puncture Tray Kit #1,1,Medical Devices,Circulation,425
https://lh3.googleusercontent.com/d/1NNcCkcBaVAfbT5qKcsHSfEES7spikNvh,Stryker 5050 Stretcher Chair #1,1,Medical Devices,Carts,426
https://lh3.googleusercontent.com/d/1MRo2m8SOeasF6ucre3u1c8HBJvSBm4sX,Stethoscope #1,1,Medical Devices,Diagnostic,427
https://lh3.googleusercontent.com/d/1MRo2m8SOeasF6ucre3u1c8HBJvSBm4sX,Stethoscope #2,1,Medical Devices,Diagnostic,427
https://lh3.googleusercontent.com/d/1MRo2m8SOeasF6ucre3u1c8HBJvSBm4sX,Stethoscope #3,1,Medical Devices,Diagnostic,427
https://lh3.googleusercontent.com/d/1MRo2m8SOeasF6ucre3u1c8HBJvSBm4sX,Stethoscope #4,1,Medical Devices,Diagnostic,427
https://lh3.googleusercontent.com/d/1MRo2m8SOeasF6ucre3u1c8HBJvSBm4sX,Stethoscope #5,1,Medical Devices,Diagnostic,427
https://lh3.googleusercontent.com/d/1MRo2m8SOeasF6ucre3u1c8HBJvSBm4sX,Stethoscope #6,1,Medical Devices,Diagnostic,427
https://lh3.googleusercontent.com/d/1MRo2m8SOeasF6ucre3u1c8HBJvSBm4sX,Stethoscope #7,1,Medical Devices,Diagnostic,427
https://lh3.googleusercontent.com/d/1MRo2m8SOeasF6ucre3u1c8HBJvSBm4sX,Stethoscope #8,1,Medical Devices,Diagnostic,427
https://lh3.googleusercontent.com/d/1tOjHFaKpTf9pwIGl_zVngcSqQTAh6CBd,SmartLung Adult,1,Medical Devices,Diagnostic,428
https://lh3.googleusercontent.com/d/1lAD89bOdUvcBsGIbXeG3T428HabMW3Zv,EasyLung Neonatal,1,Medical Devices,Diagnostic,429
https://lh3.googleusercontent.com/d/1g9J1tCOyfktNTSESOgyxes3ZNL2uG57I,Ambu aScope 4 Broncho - Bronchoscopy Endoscope,1,Medical Devices,Airway,430
https://lh3.googleusercontent.com/d/1-ORKM0fDJV_aHeRi42l46dH05iLUthPe,Stryker Stretcher Large/Wide #1,10,Medical Devices,Carts,431
https://lh3.googleusercontent.com/d/1-ORKM0fDJV_aHeRi42l46dH05iLUthPe,Stryker Stretcher Large/Wide #2,10,Medical Devices,Carts,431
https://lh3.googleusercontent.com/d/1fscGlYqMfjZ6T71GyBMV99Ke9H9Rb5KH,Ancef,1,Simulated Equipment,Mock Medicine,501
https://lh3.googleusercontent.com/d/1fscGlYqMfjZ6T71GyBMV99Ke9H9Rb5KH,Atropine,1,Simulated Equipment,Mock Medicine,501
https://lh3.googleusercontent.com/d/1Iy6mwGuk0ivrLdJdXPB88F3-cPi4Ornj,Mini AED Trainer #1,1,Simulated Equipment,Circulation,502
https://lh3.googleusercontent.com/d/1wTyLTVdtgH-2yKSI8LreTofa8NzahtpA,ABC Box #1,2,Simulated Equipment,Breathing,503
https://lh3.googleusercontent.com/d/1wTyLTVdtgH-2yKSI8LreTofa8NzahtpA,ABC Box #2,2,Simulated Equipment,Breathing,503
https://lh3.googleusercontent.com/d/1bip63i99iyptNyNSaI-ybL7-JF_o0q0Y,Blue Medicine Cart - Armstrong Medical Cart,2,Simulated Equipment,Carts,504
https://lh3.googleusercontent.com/d/1RleskjGQtKztzvjM53VUP6thSrwz_hBS,Jabra 750 speaker JA01,1,Technology,Electronics,601
https://lh3.googleusercontent.com/d/1RleskjGQtKztzvjM53VUP6thSrwz_hBS,Jabra 750 speaker JA02,1,Technology,Electronics,601
https://lh3.googleusercontent.com/d/1RleskjGQtKztzvjM53VUP6thSrwz_hBS,Jabra 750 speaker JA03,1,Technology,Electronics,601
https://lh3.googleusercontent.com/d/1RleskjGQtKztzvjM53VUP6thSrwz_hBS,Jabra 750 speaker JA04,1,Technology,Electronics,601
https://lh3.googleusercontent.com/d/1RleskjGQtKztzvjM53VUP6thSrwz_hBS,Jabra 750 speaker JA05,1,Technology,Electronics,601
https://lh3.googleusercontent.com/d/1RleskjGQtKztzvjM53VUP6thSrwz_hBS,Jabra 750 speaker JA06,1,Technology,Electronics,601
https://lh3.googleusercontent.com/d/1RleskjGQtKztzvjM53VUP6thSrwz_hBS,Jabra 750 speaker JA07,1,Technology,Electronics,601
https://lh3.googleusercontent.com/d/1KtT7JBeyY0Rp3zcHgea52NygiNa8oNcg,Jabra Panacast 180 #1,1,Technology,Electronics,602
https://lh3.googleusercontent.com/d/1KtT7JBeyY0Rp3zcHgea52NygiNa8oNcg,Jabra Panacast 180 #2,1,Technology,Electronics,602
https://lh3.googleusercontent.com/d/1KtT7JBeyY0Rp3zcHgea52NygiNa8oNcg,Jabra Panacast 180 #3,1,Technology,Electronics,602
https://lh3.googleusercontent.com/d/1qew6AdmVc_9VQeiXuwWSzRLoGR2cNTy4,Jabra Speaker 510 JA01,1,Technology,Electronics,603
https://lh3.googleusercontent.com/d/1qew6AdmVc_9VQeiXuwWSzRLoGR2cNTy4,Jabra Speaker 510 JA02,1,Technology,Electronics,603
https://lh3.googleusercontent.com/d/10glwZ5cuPrFa8W8VjmQv4A1QOGJfLQnm,iPad 9 #1,1,Technology,Electronics,604
https://lh3.googleusercontent.com/d/10glwZ5cuPrFa8W8VjmQv4A1QOGJfLQnm,iPad 9 #2,1,Technology,Electronics,604
https://lh3.googleusercontent.com/d/10glwZ5cuPrFa8W8VjmQv4A1QOGJfLQnm,iPad 9 #3,1,Technology,Electronics,604
https://lh3.googleusercontent.com/d/1-LTnJVNnjxLiT2kSXlhZb7lOCP15MW-X,iPad mini #1,1,Technology,Electronics,605
https://lh3.googleusercontent.com/d/1-LTnJVNnjxLiT2kSXlhZb7lOCP15MW-X,iPad mini #2,1,Technology,Electronics,605
https://lh3.googleusercontent.com/d/1-LTnJVNnjxLiT2kSXlhZb7lOCP15MW-X,iPad mini #3,1,Technology,Electronics,605
https://lh3.googleusercontent.com/d/1-LTnJVNnjxLiT2kSXlhZb7lOCP15MW-X,iPad mini #4,1,Technology,Electronics,605
https://lh3.googleusercontent.com/d/1-LTnJVNnjxLiT2kSXlhZb7lOCP15MW-X,iPad mini #5,1,Technology,Electronics,605
https://lh3.googleusercontent.com/d/1-LTnJVNnjxLiT2kSXlhZb7lOCP15MW-X,iPad mini #6,1,Technology,Electronics,605
https://lh3.googleusercontent.com/d/1-LTnJVNnjxLiT2kSXlhZb7lOCP15MW-X,iPad mini #7,1,Technology,Electronics,605
https://lh3.googleusercontent.com/d/1-LTnJVNnjxLiT2kSXlhZb7lOCP15MW-X,iPad mini #8,1,Technology,Electronics,605
https://lh3.googleusercontent.com/d/1-LTnJVNnjxLiT2kSXlhZb7lOCP15MW-X,iPad mini #9,1,Technology,Electronics,605
https://lh3.googleusercontent.com/d/1-LTnJVNnjxLiT2kSXlhZb7lOCP15MW-X,iPad mini #10,1,Technology,Electronics,605
https://lh3.googleusercontent.com/d/1-LTnJVNnjxLiT2kSXlhZb7lOCP15MW-X,iPad mini #11,1,Technology,Electronics,605
https://lh3.googleusercontent.com/d/1N__oFLHnq2p38LA5AfdIEG_hedG19Dt4,Surface pro 7 ,1,Technology,Electronics,607
https://lh3.googleusercontent.com/d/1J32N-KJPySw2x6Aii6U67OanqEB096Cl,Surface Pro 9,1,Technology,Electronics,608
https://lh3.googleusercontent.com/d/1hBS5OzaAFfRuc3djjlJR-izKLYZ5BnrR,BenQ HT2050A 1080P Home Theater Projector #1,1,Technology,Electronics,609
https://lh3.googleusercontent.com/d/1nGBx_xoB4cccF5ysw4ln6j4qlDCDrqHn,Fujitsu Tablet PC,1,Technology,Electronics,610
https://lh3.googleusercontent.com/d/1_bJvDhvm-G0Q93GaPae7jCxGnEFT5-oL,Smallrig Clamp A,1,Technology,Mounts,611
https://lh3.googleusercontent.com/d/1_bJvDhvm-G0Q93GaPae7jCxGnEFT5-oL,Smallrig Clamp B,1,Technology,Mounts,611
https://lh3.googleusercontent.com/d/1_bJvDhvm-G0Q93GaPae7jCxGnEFT5-oL,Smallrig Clamp C,1,Technology,Mounts,611
https://lh3.googleusercontent.com/d/1_bJvDhvm-G0Q93GaPae7jCxGnEFT5-oL,Smallrig Clamp D,1,Technology,Mounts,611
https://lh3.googleusercontent.com/d/1_bJvDhvm-G0Q93GaPae7jCxGnEFT5-oL,Smallrig Clamp E,1,Technology,Mounts,611
https://lh3.googleusercontent.com/d/1_bJvDhvm-G0Q93GaPae7jCxGnEFT5-oL,Smallrig Clamp F,1,Technology,Mounts,611
https://lh3.googleusercontent.com/d/1_bJvDhvm-G0Q93GaPae7jCxGnEFT5-oL,Smallrig Clamp G,1,Technology,Mounts,611
https://lh3.googleusercontent.com/d/1_bJvDhvm-G0Q93GaPae7jCxGnEFT5-oL,Smallrig Clamp H,1,Technology,Mounts,611
https://lh3.googleusercontent.com/d/1HyrYcBeLLC8KgpwwdkdLVRxp85c5PnWX,Smallrig Articulating Arm #2,1,Technology,Mounts,612
https://lh3.googleusercontent.com/d/1HyrYcBeLLC8KgpwwdkdLVRxp85c5PnWX,Smallrig Articulating Arm #1,1,Technology,Mounts,612
https://lh3.googleusercontent.com/d/1HyrYcBeLLC8KgpwwdkdLVRxp85c5PnWX,Smallrig Articulating Arm #3,1,Technology,Mounts,612
https://lh3.googleusercontent.com/d/1HyrYcBeLLC8KgpwwdkdLVRxp85c5PnWX,Smallrig Articulating Arm #4,1,Technology,Mounts,612
https://lh3.googleusercontent.com/d/1HyrYcBeLLC8KgpwwdkdLVRxp85c5PnWX,Smallrig Articulating Arm #5,1,Technology,Mounts,612
https://lh3.googleusercontent.com/d/1HyrYcBeLLC8KgpwwdkdLVRxp85c5PnWX,Smallrig Articulating Arm #6,1,Technology,Mounts,612
https://lh3.googleusercontent.com/d/1HyrYcBeLLC8KgpwwdkdLVRxp85c5PnWX,Smallrig Articulating Arm #7,1,Technology,Mounts,612
https://lh3.googleusercontent.com/d/1HyrYcBeLLC8KgpwwdkdLVRxp85c5PnWX,Smallrig Articulating Arm #8,1,Technology,Mounts,612
https://lh3.googleusercontent.com/d/1iIM2nbQCmtOQDj6LCMyWcYNgy4bOjc9O,Power Bank #1 Backup Battery Charmast 10400mAh,1,Technology,Electronics,613
https://lh3.googleusercontent.com/d/1iIM2nbQCmtOQDj6LCMyWcYNgy4bOjc9O,Power Bank #2 Backup Battery Charmast 10400mAh,1,Technology,Electronics,613
https://lh3.googleusercontent.com/d/1CeEBSe6SYNa05NFhqWf4qUuHpbzkc9uP,SimPad Plus #1,1,Technology,Electronics,614
https://lh3.googleusercontent.com/d/1CeEBSe6SYNa05NFhqWf4qUuHpbzkc9uP,SimPad Plus #2,1,Technology,Electronics,614
https://lh3.googleusercontent.com/d/1Ya60_Od3ugqqFgNqu8_afGNaEMxCIjWf,Zoom H6 Handy Recorder,1,Technology,Electronics,615
https://lh3.googleusercontent.com/d/1SnlTF1Sb0IcuUlzseioSFx2jFVmpuNBs,Power Extension Cord 10FT #1,1,Technology,Electronics,616
https://lh3.googleusercontent.com/d/1SnlTF1Sb0IcuUlzseioSFx2jFVmpuNBs,Power Extension Cord 10FT #2,1,Technology,Electronics,616
https://lh3.googleusercontent.com/d/1SnlTF1Sb0IcuUlzseioSFx2jFVmpuNBs,Power Extension Cord 10FT #3,1,Technology,Electronics,616
https://lh3.googleusercontent.com/d/1SnlTF1Sb0IcuUlzseioSFx2jFVmpuNBs,Power Extension Cord 10FT #4,1,Technology,Electronics,616
https://lh3.googleusercontent.com/d/1SnlTF1Sb0IcuUlzseioSFx2jFVmpuNBs,Power Extension Cord 10FT #5,1,Technology,Electronics,616
https://lh3.googleusercontent.com/d/1SnlTF1Sb0IcuUlzseioSFx2jFVmpuNBs,Power Extension Cord 10FT #6,1,Technology,Electronics,616
https://lh3.googleusercontent.com/d/1VqIFj9Q9xhyUicLBJOt7fPgX9f9gW2l6,Power Bar Surge Protector 30W #1,1,Technology,Electronics,617
https://lh3.googleusercontent.com/d/1VqIFj9Q9xhyUicLBJOt7fPgX9f9gW2l6,Power Bar Surge Protector 30W #2,1,Technology,Electronics,617
https://lh3.googleusercontent.com/d/1VqIFj9Q9xhyUicLBJOt7fPgX9f9gW2l6,Power Bar Surge Protector 30W #3,1,Technology,Electronics,617
https://lh3.googleusercontent.com/d/1VqIFj9Q9xhyUicLBJOt7fPgX9f9gW2l6,Power Bar Surge Protector 30W #4,1,Technology,Electronics,617
https://lh3.googleusercontent.com/d/1nqFFff7f1nmD58HiiNw75S1bP906cOql,Insta 360 One R,1,Technology,Electronics,618
https://lh3.googleusercontent.com/d/14j71IXBH35O5EgwMoM4V-BYVrp99GGwD,Dell Laptop #1,1,Technology,Electronics,619
https://lh3.googleusercontent.com/d/14j71IXBH35O5EgwMoM4V-BYVrp99GGwD,Dell Laptop #2,1,Technology,Electronics,619
https://lh3.googleusercontent.com/d/1wBHptKFMiZ8927u2KDvaGnk0AHa2VR5V,Brady Labeler #1,1,Technology,Electronics,620
https://lh3.googleusercontent.com/d/12prBQq-jCkw9b7xO06FGzHQXp5W6OGAD,Brother Labeler #1,1,Technology,Electronics,621
https://lh3.googleusercontent.com/d/1n6KRKO60IsqM-BX20A0p7D1086EwvaCx,Bedside Table #1,1,Furniture,Tables,700
https://lh3.googleusercontent.com/d/1n6KRKO60IsqM-BX20A0p7D1086EwvaCx,Bedside Table #2,1,Furniture,Tables,700
https://lh3.googleusercontent.com/d/1n6KRKO60IsqM-BX20A0p7D1086EwvaCx,Bedside Table #3,1,Furniture,Tables,700
https://lh3.googleusercontent.com/d/1n6KRKO60IsqM-BX20A0p7D1086EwvaCx,Bedside Table #1,1,Furniture,Tables,700
https://lh3.googleusercontent.com/d/1n6KRKO60IsqM-BX20A0p7D1086EwvaCx,Bedside Table #4,1,Furniture,Tables,700
https://lh3.googleusercontent.com/d/1n6KRKO60IsqM-BX20A0p7D1086EwvaCx,Bedside Table #5,1,Furniture,Tables,700
https://lh3.googleusercontent.com/d/1n6KRKO60IsqM-BX20A0p7D1086EwvaCx,Bedside Table #6,1,Furniture,Tables,700
https://lh3.googleusercontent.com/d/1n6KRKO60IsqM-BX20A0p7D1086EwvaCx,Bedside Table #7,1,Furniture,Tables,700
https://lh3.googleusercontent.com/d/1n6KRKO60IsqM-BX20A0p7D1086EwvaCx,Bedside Table #8,1,Furniture,Tables,700
https://lh3.googleusercontent.com/d/1mJVoujspUxQ52w4vjFMnHC_RfrOWusIo,PALS Documents Bin,1,Course Materials,Documents,701
https://lh3.googleusercontent.com/d/1XOw25akT8NNg1qjypaqg8p9cKUjhgf1u,PALS Video,1,Course Materials,Video Files,702
https://lh3.googleusercontent.com/d/1ntnoi4wrHXj1igdp8BfQxmDDRp5N3VGs,Name Tags - Stick On,10,Course Materials,Stationary,703
https://lh3.googleusercontent.com/d/1sfk4itNsBo4met4AzK2dPEcT3oSEwqdw,Chair #1,99,Furniture,Seating,703
https://lh3.googleusercontent.com/d/1sfk4itNsBo4met4AzK2dPEcT3oSEwqdw,Chair #2,1,Furniture,Seating,703
https://lh3.googleusercontent.com/d/1JSfDqC0HcCztIXPvYUv4BE8TGrEhw7b5,Clipboard #1,1,Course Materials,Stationary,704
https://lh3.googleusercontent.com/d/1nbfGZlF_DRMmhPW-m2WhWnyo4_GbEUrR,Desk Table #1,29,Furniture,Tables,704
https://lh3.googleusercontent.com/d/1JSfDqC0HcCztIXPvYUv4BE8TGrEhw7b5,Clipboard #2,1,Course Materials,Stationary,704
https://lh3.googleusercontent.com/d/1JSfDqC0HcCztIXPvYUv4BE8TGrEhw7b5,Clipboard #3,1,Course Materials,Stationary,704
https://lh3.googleusercontent.com/d/1JSfDqC0HcCztIXPvYUv4BE8TGrEhw7b5,Clipboard #4,1,Course Materials,Stationary,704
https://lh3.googleusercontent.com/d/1JSfDqC0HcCztIXPvYUv4BE8TGrEhw7b5,Clipboard #5,1,Course Materials,Stationary,704
https://lh3.googleusercontent.com/d/1Jv5emLBh27rWM21Mh3FR_hXJXXXCgn4-,Dry Erase Board with Easel,1,Course Materials,Stationary,706
https://lh3.googleusercontent.com/d/10xZAlqZJt9AAtV_JxZsYfP6mBszp72hh,CW Sim Sign #1,1,Course Materials,Stationary,707
https://lh3.googleusercontent.com/d/1A27YTGvIQBc9Y9K3kA8hwqZQhpxxQnA_,Flip Chart Paper,1,Course Materials,Stationary,708
https://lh3.googleusercontent.com/d/1Yql628tDmbPBSaLRRu-M1gRldxxjRoe3,Mock Crash Cart #1,1,Simulated Equipment,Carts,807
https://lh3.googleusercontent.com/d/1wbW_VrmOhdxYtRczTVL5WhMUw8jrvRJ6,Red Drug Bag #1,1,Simulated Equipment,Mock Medicine,808
https://lh3.googleusercontent.com/d/1wbW_VrmOhdxYtRczTVL5WhMUw8jrvRJ6,Red Drug Bag #2,4,Simulated Equipment,Mock Medicine,808
https://lh3.googleusercontent.com/d/1wbW_VrmOhdxYtRczTVL5WhMUw8jrvRJ6,Red Drug Bag #3,4,Simulated Equipment,Mock Medicine,808
https://lh3.googleusercontent.com/d/1wbW_VrmOhdxYtRczTVL5WhMUw8jrvRJ6,Red Drug Bag #4,4,Simulated Equipment,Mock Medicine,808
https://lh3.googleusercontent.com/d/1qUzVLUzz7NOGuD4rnks-JacJx5OaGM1V,Sim Monitor iPad Set of 2 #1,1,Simulated Equipment,App,809
https://lh3.googleusercontent.com/d/1qUzVLUzz7NOGuD4rnks-JacJx5OaGM1V,Sim Monitor iPad Set of 2 #2,,Simulated Equipment,App,809
https://lh3.googleusercontent.com/d/1qUzVLUzz7NOGuD4rnks-JacJx5OaGM1V,Sim Monitor iPad Set of 2 #3,,Simulated Equipment,App,809
https://lh3.googleusercontent.com/d/1qUzVLUzz7NOGuD4rnks-JacJx5OaGM1V,Sim Monitor iPad Set of 2 #4,,Simulated Equipment,App,809
https://lh3.googleusercontent.com/d/164cXdUwMLdxyLtfK8Ykz4af96v3Vl25k,Sim Ultrasound iPad Set #1,1,Simulated Equipment,App,810
https://lh3.googleusercontent.com/d/164cXdUwMLdxyLtfK8Ykz4af96v3Vl25k,Sim Ultrasound iPad Set #2,1,Simulated Equipment,App,810
https://lh3.googleusercontent.com/d/1_G4JeZDpTtK5_k4J-Hww8Qnc8P_EtohA,STGC-01,1,Technology,Carts,811
https://lh3.googleusercontent.com/d/1_G4JeZDpTtK5_k4J-Hww8Qnc8P_EtohA,STGC-02,1,Technology,Carts,811
https://lh3.googleusercontent.com/d/1_G4JeZDpTtK5_k4J-Hww8Qnc8P_EtohA,STGC-03,1,Technology,Carts,811
https://lh3.googleusercontent.com/d/1_G4JeZDpTtK5_k4J-Hww8Qnc8P_EtohA,STGC-04,1,Technology,Carts,811
https://lh3.googleusercontent.com/d/1rn4XQqSdfA0PjS_MfkNQmwE1whbPXkK5,ResusMonitor,1,Simulated Equipment,App,812
https://lh3.googleusercontent.com/d/1rn4XQqSdfA0PjS_MfkNQmwE1whbPXkK5,ResusMonitor #2,1,Simulated Equipment,App,812
https://lh3.googleusercontent.com/d/1rn4XQqSdfA0PjS_MfkNQmwE1whbPXkK5,ResusMonitor #3,1,Simulated Equipment,App,812
https://lh3.googleusercontent.com/d/1rn4XQqSdfA0PjS_MfkNQmwE1whbPXkK5,ResusMonitor #4,1,Simulated Equipment,App,812
https://lh3.googleusercontent.com/d/1rn4XQqSdfA0PjS_MfkNQmwE1whbPXkK5,ResusMonitor #5,1,Simulated Equipment,App,812
https://lh3.googleusercontent.com/d/16Ls7uX9jNuTluKaYOYc3E721uiLjLrhQ,Simulated Ice Bag #1,1,Simulated Equipment,Prop,813
https://lh3.googleusercontent.com/d/16Ls7uX9jNuTluKaYOYc3E721uiLjLrhQ,Simulated Ice Bag #2,1,Simulated Equipment,Prop,813
https://lh3.googleusercontent.com/d/1kZ9_fmLLn2rK3WBwKxBd22hXR4INNEdO,Simulated Glucometer #1,1,Simulated Equipment,App,814
https://lh3.googleusercontent.com/d/1jiEDK1zwE70y3PEa6F5WxSMmv857mqpL,Recording,1,Services,Video,9001
https://lh3.googleusercontent.com/d/1rdH49G0clX45vODw7ak1QxbBHMtI3eHG,Live Streaming,1,Services,Video,9002
https://lh3.googleusercontent.com/d/1ZtcZqMXynbdfhDcp8Oroj7PP_BmawTPn,Zoom Meeting,1,Services,Video,9003
https://lh3.googleusercontent.com/d/135De3BPobrkXeqmnQndik9o7HqP4DcZW,FaceTime,1,Services,Video,9004
https://lh3.googleusercontent.com/d/1uzkjvz90_jVtP7bHQgmB5gvlgQWIAeap,Teams Meeting,1,Services,Video,9005
https://lh3.googleusercontent.com/d/15MsvZIUpxYG1gTkNFbKWMkxV9CJ_PqhJ,DC,1,Human Resources,Sim Educators,901
https://lh3.googleusercontent.com/d/15MsvZIUpxYG1gTkNFbKWMkxV9CJ_PqhJ,PM,1,Human Resources,Sim Educators,901
https://lh3.googleusercontent.com/d/15MsvZIUpxYG1gTkNFbKWMkxV9CJ_PqhJ,SB,1,Human Resources,Sim Educators,901
https://lh3.googleusercontent.com/d/15MsvZIUpxYG1gTkNFbKWMkxV9CJ_PqhJ,Intern A,1,Human Resources,Sim Educators,901
https://lh3.googleusercontent.com/d/1qmRg00rGn77Fv51LY_ChZqSz4FjGicW2,JS,1,Human Resources,Sim Technologists,902
https://lh3.googleusercontent.com/d/1qmRg00rGn77Fv51LY_ChZqSz4FjGicW2,SS,1,Human Resources,Sim Technologists,902
https://lh3.googleusercontent.com/d/1qmRg00rGn77Fv51LY_ChZqSz4FjGicW2,HE,1,Human Resources,Sim Technologists,902
https://lh3.googleusercontent.com/d/1qmRg00rGn77Fv51LY_ChZqSz4FjGicW2,TC,1,Human Resources,Sim Technologists,902
https://lh3.googleusercontent.com/d/1qmRg00rGn77Fv51LY_ChZqSz4FjGicW2,SD,1,Human Resources,Sim Technologists,902
https://lh3.googleusercontent.com/d/1hVJXLFp0anOrTsMM0JuTrE3Pr4vZBt2t,Hematoma,1,Moulage,Trauma,99001
https://lh3.googleusercontent.com/d/1hVJXLFp0anOrTsMM0JuTrE3Pr4vZBt2t,Laceration,1,Moulage,Trauma,99002
https://lh3.googleusercontent.com/d/1hVJXLFp0anOrTsMM0JuTrE3Pr4vZBt2t,Bleed,1,Moulage,Trauma,99003
https://lh3.googleusercontent.com/d/1hVJXLFp0anOrTsMM0JuTrE3Pr4vZBt2t,SwollenLips,1,Moulage,Rash,99004
https://lh3.googleusercontent.com/d/1hVJXLFp0anOrTsMM0JuTrE3Pr4vZBt2t,Bruises,1,Moulage,Trauma,99005
https://lh3.googleusercontent.com/d/1hVJXLFp0anOrTsMM0JuTrE3Pr4vZBt2t,Caterpillar,1,Moulage,FBAO,99006
https://lh3.googleusercontent.com/d/1hVJXLFp0anOrTsMM0JuTrE3Pr4vZBt2t,TireMarks,1,Moulage,Trauma,99007
https://lh3.googleusercontent.com/d/1hVJXLFp0anOrTsMM0JuTrE3Pr4vZBt2t,Dogbite,1,Moulage,Trauma,99008
https://lh3.googleusercontent.com/d/1hVJXLFp0anOrTsMM0JuTrE3Pr4vZBt2t,Stab,1,Moulage,Trauma,99009
https://lh3.googleusercontent.com/d/1hVJXLFp0anOrTsMM0JuTrE3Pr4vZBt2t,Broken Ribs,1,Moulage,Trauma,99010
https://lh3.googleusercontent.com/d/1hVJXLFp0anOrTsMM0JuTrE3Pr4vZBt2t,Urticia,1,Moulage,Rash,99011
https://lh3.googleusercontent.com/d/1hVJXLFp0anOrTsMM0JuTrE3Pr4vZBt2t,Seatbelt,1,Moulage,Trauma,99012
https://lh3.googleusercontent.com/d/1hVJXLFp0anOrTsMM0JuTrE3Pr4vZBt2t,Ruptured Abdomen,1,Moulage,Trauma,99013
https://lh3.googleusercontent.com/d/1hVJXLFp0anOrTsMM0JuTrE3Pr4vZBt2t,Abrasions,1,Moulage,Trauma,99014
https://lh3.googleusercontent.com/d/1hVJXLFp0anOrTsMM0JuTrE3Pr4vZBt2t,Amputation,1,Moulage,Trauma,99015
https://lh3.googleusercontent.com/d/1hVJXLFp0anOrTsMM0JuTrE3Pr4vZBt2t,DeGloving,1,Moulage,Trauma,99016
https://lh3.googleusercontent.com/d/1hVJXLFp0anOrTsMM0JuTrE3Pr4vZBt2t,Dislocation,1,Moulage,Trauma,99017
https://lh3.googleusercontent.com/d/1hVJXLFp0anOrTsMM0JuTrE3Pr4vZBt2t,Open Fracture,1,Moulage,Trauma,99018
https://lh3.googleusercontent.com/d/1hVJXLFp0anOrTsMM0JuTrE3Pr4vZBt2t,Knee Injury,1,Moulage,Trauma,99019
https://lh3.googleusercontent.com/d/1hVJXLFp0anOrTsMM0JuTrE3Pr4vZBt2t,First Degree Burn,1,Moulage,Burn,99020
https://lh3.googleusercontent.com/d/1hVJXLFp0anOrTsMM0JuTrE3Pr4vZBt2t,Second Degree Burn,1,Moulage,Burn,99021
https://lh3.googleusercontent.com/d/1hVJXLFp0anOrTsMM0JuTrE3Pr4vZBt2t,Third Degree Burn,1,Moulage,Burn,99022
https://lh3.googleusercontent.com/d/1e47HpSWZrS3Z85vNWNJecqvyEqNRF9rg,E111,1,Rooms,Clinical Skill Rooms,E111
https://lh3.googleusercontent.com/d/1-wmE9F_wMEiab3kJxtIIZAWtMes-x1lt,E604,1,Rooms,Clinical Skill Rooms,E604
https://lh3.googleusercontent.com/d/1AWtFKNZwZqXVvFe6UA9nkE66mpGKNMK-,E604A,1,Rooms,Clinical Skill Rooms,E604A
https://lh3.googleusercontent.com/d/1PBm6kS5KhFT4gO96tyA5jA153xivCUkF,E605,1,Rooms,Classrooms,E605
https://lh3.googleusercontent.com/d/1KHfnO7jauf_qOg9nOa290FkkZdNvhsLk,E606,1,Rooms,Clinical Skill Rooms,E606
https://lh3.googleusercontent.com/d/1cuNDLb9oCWd59YdimNevtjuCdL5RNrXy,E607,1,Rooms,Clinical Skill Rooms,E607
https://lh3.googleusercontent.com/d/1hT_3xZ02Z-t5nMt9ovqyhbLTNvSr-dwI,E608,1,Rooms,Clinical Skill Rooms,E608
https://lh3.googleusercontent.com/d/188B-d72nk9Qqh0dRI4qTIDsL8VriLtBe,E609,1,Rooms,Clinical Skill Rooms,E609
https://lh3.googleusercontent.com/d/19B_vW8ygI68MFw-G_wytpFMuSQ-5qIv-,CPR Skills Room E610,1,Rooms,Clinical Skill Rooms,E610
https://lh3.googleusercontent.com/d/1JCNU1nVu7xtqF1RJ296Bv_1_YMSK6Zmo,Storage 4 E611,1,Rooms,Clinical Skill Rooms,E611
https://lh3.googleusercontent.com/d/1naAam_wGOSwUDLKavNjZKQaxvz9O9Sp8,Storage 1 E612,1,Rooms,Clinical Skill Rooms,E612
https://lh3.googleusercontent.com/d/1InhgtIRu6-pv0-tCMRBbqYoKT8KSXxNH,Storage 2 E614,1,Rooms,Clinical Skill Rooms,E614
https://lh3.googleusercontent.com/d/1xmKppyfpSESekHKtAYb1Sqb9SNBQ4m5a,Sim Admin Office E615,1,Rooms,Clinical Skill Rooms,E615
https://lh3.googleusercontent.com/d/1hwGW4FyeD_1IjDlTXKdTmLmjdIz-VZ22,Debrief Room A E616,1,Rooms,Debrief Rooms,E616
https://lh3.googleusercontent.com/d/1s82vnJ6y1XukGGLIyFfLcUhmD0BMN4FM,Sim Room 1 E617,1,Rooms,Simulation Rooms,E617
https://lh3.googleusercontent.com/d/1tb9f-38SH96HcAMgZB62b4cV7aBDdyO4,Debrief Room B E618,1,Rooms,Debrief Rooms,E618
https://lh3.googleusercontent.com/d/1OJ9tY_kjs8RDHBoYlbz5xfLM7zedldgG,Sim Room 2 E619,1,Rooms,Simulation Rooms,E619
https://lh3.googleusercontent.com/d/116vgZF8bMqPAYpf66yAMnqGnMYCFKlGi,Storage 3 E620,1,Rooms,Clinical Skill Rooms,E620
https://lh3.googleusercontent.com/d/1tGsmxh2CVDCdJBEernG3U2LVNiW3Td0M,Sim Room 3 E621,1,Rooms,Simulation Rooms,E621
https://lh3.googleusercontent.com/d/1_xfrZAWwOZ5Em2SDbpBvmiJ9HvJcI0i_,Control Room E623,,Rooms,Control Room,E623
https://lh3.googleusercontent.com/d/1TiYdZ-nkJE1c5ztzxD-eQqKX0e6Pm38c,Sim Room 4 E625,1,Rooms,Simulation Rooms,E625
https://lh3.googleusercontent.com/d/1lBm1Ask34EB2MNcJDJiGF4YHk0ZAYFsQ,Debrief Room C E626,1,Rooms,Classrooms,E626
https://lh3.googleusercontent.com/d/1e92a_iiZdDkCeKHUAdj7L3_Z5MFwvu1_,Debrief Room D E627,1,Rooms,Debrief Rooms,E627
